{"openapi":"3.0.0","info":{"title":"Application with swagger docs","version":"1.0.0","description":"My application with swagger docs"},"components":{"securitySchemes":{"bearerAuth":{"type":"http","scheme":"bearer","bearerFormat":"JWT","schema":"bearer"}},"schemas":{"updateEtreprise":{"type":"object","properties":{"designation":{"type":"string"},"description":{"type":"string"},"rccm":{"type":"string"}},"required":["designation","description","rccm"]},"entreprise":{"type":"object","properties":{"designation":{"type":"string"},"description":{"type":"string"},"rccm":{"type":"string"},"addresses":{"type":"array","items":{"$ref":"#/components/schemas/Addresses"}},"bank_accounts":{"type":"array","items":{"$ref":"#/components/schemas/bankAccounts"}}},"required":["designation","description","rccm","addresses","bank_accounts"]},"Addresses":{"type":"object","properties":{"country":{"type":"string"},"town":{"type":"string"},"city":{"type":"string"},"quarter":{"type":"string"},"street":{"type":"string"},"number":{"type":"number"}},"required":["country","town","city","quarter","street","number"]},"bankAccounts":{"type":"object","properties":{"bank":{"type":"string"},"account_name":{"type":"string"},"account_number":{"type":"number"}},"required":["bank","account_name","account_number"]},"updateUser":{"type":"object","properties":{"name":{"type":"string"},"lastname":{"type":"string"},"country_code":{"type":"string"},"phone_number":{"type":"string"},"email":{"type":"string"}},"required":["name","lastname","country_code","phone_number","email"]},"changePsswd":{"type":"object","properties":{"old_password":{"type":"string"},"password":{"type":"string"},"confirme_password":{"type":"string"}},"required":["old_password","password","confirme_password"]},"great_response":{"type":"object","properties":{"status":{"type":"boolean"},"data":{"type":"object"}}},"error_response":{"type":"object","properties":{"status":{"type":"boolean"},"message":{"type":"string"}}},"user":{"type":"object","properties":{"email":{"type":"string"},"password":{"type":"string"},"password_confirmation":{"type":"string"}},"required":["email","password","password_confirmation"]},"login":{"type":"object","properties":{"email":{"type":"string"},"password":{"type":"string"}},"required":["email","password"]}}},"paths":{"/api/v1/address/{id}":{"post":{"tags":["Address"],"security":[{"bearerAuth":[]}],"description":"create a new address for entreprise.","requestBody":{"required":true,"content":{"application/json":{"schema":{"$ref":"#/components/schemas/Addresses"}}}},"responses":{"200":{"description":"Compy","content":{"application/json":{"schema":{"$ref":"#/components/schemas/great_response"}}}},"422 | 404":{"description":"En cas d'echec","content":{"application/json":{"schema":{"$ref":"#/components/schemas/error_response"}}}}}},"put":{"tags":["Address"],"security":[{"bearerAuth":[]}],"description":"update address for entreprise.","requestBody":{"required":true,"content":{"application/json":{"schema":{"$ref":"#/components/schemas/Addresses"}}}},"responses":{"200":{"description":"Compy","content":{"application/json":{"schema":{"$ref":"#/components/schemas/great_response"}}}},"422 | 404":{"description":"En cas d'echec","content":{"application/json":{"schema":{"$ref":"#/components/schemas/error_response"}}}}}},"delete":{"tags":["Address"],"security":[{"bearerAuth":[]}],"description":"delete address.","parameters":[{"in":"path","name":"id","schema":{"type":"string"}}],"produces":["application/json"],"responses":{"200":{"description":"Compy","content":{"application/json":{"schema":{"$ref":"#/components/schemas/great_response"}}}},"422 | 404":{"description":"En cas d'echec","content":{"application/json":{"schema":{"$ref":"#/components/schemas/error_response"}}}}}}},"/api/v1/bank-account/{id}":{"post":{"tags":["Bank-account"],"security":[{"bearerAuth":[]}],"description":"create a new bank account for entreprise.","requestBody":{"required":true,"content":{"application/json":{"schema":{"$ref":"#/components/schemas/bankAccounts"}}}},"responses":{"200":{"description":"Compy","content":{"application/json":{"schema":{"$ref":"#/components/schemas/great_response"}}}},"422 | 404":{"description":"En cas d'echec","content":{"application/json":{"schema":{"$ref":"#/components/schemas/error_response"}}}}}},"put":{"tags":["Bank-account"],"security":[{"bearerAuth":[]}],"description":"update bank account for entreprise.","requestBody":{"required":true,"content":{"application/json":{"schema":{"$ref":"#/components/schemas/bankAccounts"}}}},"responses":{"200":{"description":"Compy","content":{"application/json":{"schema":{"$ref":"#/components/schemas/great_response"}}}},"422 | 404":{"description":"En cas d'echec","content":{"application/json":{"schema":{"$ref":"#/components/schemas/error_response"}}}}}},"delete":{"tags":["Bank-account"],"security":[{"bearerAuth":[]}],"description":"delete Bank account.","parameters":[{"in":"path","name":"id","schema":{"type":"string"}}],"produces":["application/json"],"responses":{"200":{"description":"Compy","content":{"application/json":{"schema":{"$ref":"#/components/schemas/great_response"}}}},"422 | 404":{"description":"En cas d'echec","content":{"application/json":{"schema":{"$ref":"#/components/schemas/error_response"}}}}}}},"/api/v1/entreprises":{"post":{"tags":["Entreprise"],"security":[{"bearerAuth":[]}],"description":"create a user account.","requestBody":{"required":true,"content":{"application/json":{"schema":{"$ref":"#/components/schemas/entreprise"}}}},"responses":{"200":{"description":"Compy","content":{"application/json":{"schema":{"$ref":"#/components/schemas/great_response"}}}},"422 | 404":{"description":"En cas d'echec","content":{"application/json":{"schema":{"$ref":"#/components/schemas/error_response"}}}}}}},"/api/v1/entreprises/{id}":{"get":{"tags":["Entreprise"],"security":[{"bearerAuth":[]}],"description":"show user account.","parameters":[{"in":"path","name":"id","schema":{"type":"string"}}],"produces":["application/json"],"responses":{"200":{"description":"Compy","content":{"application/json":{"schema":{"$ref":"#/components/schemas/great_response"}}}},"422 | 404":{"description":"En cas d'echec","content":{"application/json":{"schema":{"$ref":"#/components/schemas/error_response"}}}}}},"put":{"tags":["Entreprise"],"security":[{"bearerAuth":[]}],"description":"update entreprise data.","requestBody":{"required":true,"content":{"application/json":{"schema":{"$ref":"#/components/schemas/updateEtreprise"}}}},"produces":["application/json"],"responses":{"200":{"description":"Compy","content":{"application/json":{"schema":{"$ref":"#/components/schemas/great_response"}}}},"422":{"description":"En cas d'echec","content":{"application/json":{"schema":{"$ref":"#/components/schemas/error_response"}}}}}}},"/api/v1/entreprises/logo/{id}":{"put":{"security":[{"bearerAuth":[]}],"tags":["Entreprise"],"description":"update entreprise's logo.","requestBody":{"content":{"multipart/form-data":{"schema":{"type":"object","properties":{"profile":{"type":"string","format":"binary"}}}}}},"responses":{"200":{"description":"Compy","content":{"application/json":{"schema":{"$ref":"#/components/schemas/great_response"}}}},"422":{"description":"En cas d'echec","content":{"application/json":{"schema":{"$ref":"#/components/schemas/error_response"}}}}}}},"/api/v1/upload":{"post":{"tags":["upload File"],"requestBody":{"content":{"multipart/form-data":{"schema":{"type":"object","properties":{"profile":{"type":"string","format":"binary"}}}}}},"responses":{"200":{"description":"Compy","content":{"application/json":{"schema":{"$ref":"#/components/schemas/greate_response"}}}},"422":{"description":"En cas d'echec","content":{"application/json":{"schema":{"$ref":"#/components/schemas/error_response"}}}}}}},"/api/v1/users":{"post":{"tags":["Users"],"security":null,"description":"create a user account.","requestBody":{"required":true,"content":{"application/json":{"schema":{"$ref":"#/components/schemas/user"}}}},"responses":{"200":{"description":"Compy","content":{"application/json":{"schema":{"$ref":"#/components/schemas/great_response"}}}},"422 | 404":{"description":"En cas d'echec","content":{"application/json":{"schema":{"$ref":"#/components/schemas/error_response"}}}}}},"get":{"tags":["Users"],"security":[{"bearerAuth":[]}],"description":"show user account.","responses":{"200":{"description":"Compy","content":{"application/json":{"schema":{"$ref":"#/components/schemas/great_response"}}}},"422 | 404":{"description":"En cas d'echec","content":{"application/json":{"schema":{"$ref":"#/components/schemas/error_response"}}}}}},"put":{"tags":["Users"],"security":[{"bearerAuth":[]}],"description":"update a user.","requestBody":{"required":true,"content":{"application/json":{"schema":{"$ref":"#/components/schemas/updateUser"}}}},"produces":["application/json"],"responses":{"200":{"description":"Compy","content":{"application/json":{"schema":{"$ref":"#/components/schemas/great_response"}}}},"422":{"description":"En cas d'echec","content":{"application/json":{"schema":{"$ref":"#/components/schemas/error_response"}}}}}}},"/api/v1/users/signin":{"post":{"tags":["Users"],"description":"User Login.","requestBody":{"content":{"application/json":{"schema":{"$ref":"#/components/schemas/login"}}}},"responses":{"200":{"description":"Compy","content":{"application/json":{"schema":{"$ref":"#/components/schemas/great_response"}}}},"422":{"description":"En cas d'echec","content":{"application/json":{"schema":{"$ref":"#/components/schemas/error_response"}}}}}}},"/api/v1/users/change/profile":{"put":{"security":[{"bearerAuth":[]}],"tags":["Users"],"description":"update user's profile.","requestBody":{"content":{"multipart/form-data":{"schema":{"type":"object","properties":{"profile":{"type":"string","format":"binary"}}}}}},"responses":{"200":{"description":"Compy","content":{"application/json":{"schema":{"$ref":"#/components/schemas/great_response"}}}},"422":{"description":"En cas d'echec","content":{"application/json":{"schema":{"$ref":"#/components/schemas/error_response"}}}}}}},"/api/v1/users/change/psswd":{"put":{"security":[{"bearerAuth":[]}],"tags":["Users"],"description":"update user's psswd.","requestBody":{"required":true,"content":{"application/json":{"schema":{"$ref":"#/components/schemas/changePsswd"}}}},"responses":{"200":{"description":"Compy","content":{"application/json":{"schema":{"$ref":"#/components/schemas/great_response"}}}},"422":{"description":"En cas d'echec","content":{"application/json":{"schema":{"$ref":"#/components/schemas/error_response"}}}}}}},"/api/v1/users/logout":{"post":{"security":[{"bearerAuth":[]}],"tags":["Users"],"description":"user logOut.","responses":{"200":{"description":"Compy","content":{"application/json":{"schema":{"$ref":"#/components/schemas/great_response"}}}},"422":{"description":"En cas d'echec","content":{"application/json":{"schema":{"$ref":"#/components/schemas/error_response"}}}}}}}},"tags":[]}