{"openapi":"3.0.0","info":{"title":"Application with swagger docs","version":"1.0.0","description":"My application with swagger docs"},"components":{"securitySchemes":{"bearerAuth":{"type":"http","scheme":"bearer","bearerFormat":"JWT","schema":"bearer"}},"schemas":{"typeBien":{"type":"object","properties":{"designation":{"type":"string"},"description":{"type":"string"}},"required":["designation"]},"appatements":{"type":"object","properties":{"typeBienId":{"type":"string"},"typeAppartementId":{"type":"string"},"description":{"type":"string"},"features":{"type":"string"},"address":{"type":"string"},"number":{"type":"number"}},"required":["typeBienId","typeAppartementId","description","features","address"]},"Landlord":{"type":"object","properties":{"name":{"type":"string"},"lastname":{"type":"string"},"email":{"type":"string"},"cardType":{"type":"string"},"cardTypeId":{"type":"string"},"maritalStatus":{"type":"string","enum":["married","signle"]},"nationality":{"type":"string"},"lastAdress":{"type":"string"},"landlordType":{"type":"string","enum":["personne physique","entreprise"]},"phones":{"type":"array","items":{"type":"object","properties":{"countryCode":{"type":"string"},"number":{"type":"string"},"running":{"type":"boolean"}}}}},"required":["name","lastname","email","cardType","cardTypeId","maritalStatus","nationality","lastAdress","landlordType","phones","countryCode","number","running"]},"UPersonne":{"type":"object","properties":{"name":{"type":"string"},"lastname":{"type":"string"},"email":{"type":"string"},"cardType":{"type":"string"},"cardTypeId":{"type":"string"},"maritalStatus":{"type":"string","enum":["married","signle"]},"nationality":{"type":"string"},"lastAdress":{"type":"string"},"landlordType":{"type":"string","enum":["personne physique","entreprise"]}},"required":["name","lastname","email","cardType","cardTypeId","maritalStatus","nationality","lastAdress","landlordType"]},"PPhone":{"type":"object","properties":{"countryCode":{"type":"string"},"number":{"type":"string"}},"required":["countryCode","number"]},"UpdatePPhone":{"type":"object","properties":{"countryCode":{"type":"string"},"number":{"type":"string"}},"required":["countryCode","number"]},"RentalContrat":{"type":"object","properties":{"appatementId":{"type":"string"},"landlordId":{"type":"string"},"amount":{"type":"number"},"month":{"type":"number"},"numberOfHabitant":{"type":"number"}},"required":["appatementId","landlordId","amount","month","numberOfHabitant"]},"BreakRentalContrat":{"type":"object","properties":{"landlordId":{"type":"string"}},"required":["landlordId"]},"updateEtreprise":{"type":"object","properties":{"designation":{"type":"string"},"description":{"type":"string"},"rccm":{"type":"string"}},"required":["designation","description","rccm"]},"entreprise":{"type":"object","properties":{"designation":{"type":"string"},"description":{"type":"string"},"rccm":{"type":"string"},"addresses":{"type":"array","items":{"$ref":"#/components/schemas/Addresses"}},"bank_accounts":{"type":"array","items":{"$ref":"#/components/schemas/bankAccounts"}}},"required":["designation","description","rccm","addresses","bank_accounts"]},"Addresses":{"type":"object","properties":{"country":{"type":"string"},"town":{"type":"string"},"city":{"type":"string"},"quarter":{"type":"string"},"street":{"type":"string"},"number":{"type":"number"}},"required":["country","town","city","quarter","street","number"]},"bankAccounts":{"type":"object","properties":{"bank":{"type":"string"},"account_name":{"type":"string"},"account_number":{"type":"number"}},"required":["bank","account_name","account_number"]},"updateUser":{"type":"object","properties":{"name":{"type":"string"},"lastname":{"type":"string"},"country_code":{"type":"string"},"phone_number":{"type":"string"},"email":{"type":"string"}},"required":["name","lastname","country_code","phone_number","email"]},"changePsswd":{"type":"object","properties":{"old_password":{"type":"string"},"password":{"type":"string"},"confirme_password":{"type":"string"}},"required":["old_password","password","confirme_password"]},"great_response":{"type":"object","properties":{"status":{"type":"boolean"},"data":{"type":"object"}}},"error_response":{"type":"object","properties":{"status":{"type":"boolean"},"message":{"type":"string"}}},"user":{"type":"object","properties":{"email":{"type":"string"},"password":{"type":"string"},"password_confirmation":{"type":"string"}},"required":["email","password","password_confirmation"]},"login":{"type":"object","properties":{"email":{"type":"string"},"password":{"type":"string"}},"required":["email","password"]}}},"paths":{"/api/v1/address/{id}":{"post":{"tags":["Address"],"security":[{"bearerAuth":[]}],"description":"create a new address for entreprise.","parameters":[{"in":"path","name":"id","schema":{"type":"string"}}],"requestBody":{"required":true,"content":{"application/json":{"schema":{"$ref":"#/components/schemas/Addresses"}}}},"responses":{"200":{"description":"Compy","content":{"application/json":{"schema":{"$ref":"#/components/schemas/great_response"}}}},"422 | 404":{"description":"En cas d'echec","content":{"application/json":{"schema":{"$ref":"#/components/schemas/error_response"}}}}}},"put":{"tags":["Address"],"security":[{"bearerAuth":[]}],"description":"update address for entreprise.","requestBody":{"required":true,"content":{"application/json":{"schema":{"$ref":"#/components/schemas/Addresses"}}}},"responses":{"200":{"description":"Compy","content":{"application/json":{"schema":{"$ref":"#/components/schemas/great_response"}}}},"422 | 404":{"description":"En cas d'echec","content":{"application/json":{"schema":{"$ref":"#/components/schemas/error_response"}}}}}},"delete":{"tags":["Address"],"security":[{"bearerAuth":[]}],"description":"delete address.","parameters":[{"in":"path","name":"id","schema":{"type":"string"}}],"produces":["application/json"],"responses":{"200":{"description":"Compy","content":{"application/json":{"schema":{"$ref":"#/components/schemas/great_response"}}}},"422 | 404":{"description":"En cas d'echec","content":{"application/json":{"schema":{"$ref":"#/components/schemas/error_response"}}}}}}},"/api/v1/appartements":{"get":{"tags":["Appartements"],"security":[{"bearerAuth":[]}],"description":"get all appartements.","parameters":[{"in":"query","name":"page","schema":{"type":"number","default":1}},{"in":"query","name":"limit","schema":{"type":"number","default":20}},{"in":"query","name":"typeAppartement","schema":{"type":"string"}},{"in":"query","name":"typeBien","schema":{"type":"string"}}],"produces":["application/json"],"responses":{"200":{"description":"Great response","content":{"application/json":{"schema":{"$ref":"#/components/schemas/great_response"}}}},"422 | 404":{"description":"En cas d'echec","content":{"application/json":{"schema":{"$ref":"#/components/schemas/error_response"}}}}}},"post":{"tags":["Appartements"],"security":[{"bearerAuth":[]}],"description":"create a new appartement.","requestBody":{"required":true,"content":{"application/json":{"schema":{"$ref":"#/components/schemas/appatements"}}}},"responses":{"200":{"description":"Great response.","content":{"application/json":{"schema":{"$ref":"#/components/schemas/great_response"}}}},"422 | 404":{"description":"En cas d'echec","content":{"application/json":{"schema":{"$ref":"#/components/schemas/error_response"}}}}}}},"/api/v1/appartements/{id}":{"get":{"tags":["Appartements"],"security":[{"bearerAuth":[]}],"description":"show appartement.","parameters":[{"in":"path","name":"id","schema":{"type":"string"}}],"requestBody":{"required":true,"content":{"application/json":{"schema":{"$ref":"#/components/schemas/appatements"}}}},"responses":{"200":{"description":"Great response.","content":{"application/json":{"schema":{"$ref":"#/components/schemas/great_response"}}}},"422 | 404":{"description":"En cas d'echec","content":{"application/json":{"schema":{"$ref":"#/components/schemas/error_response"}}}}}},"put":{"tags":["Appartements"],"security":[{"bearerAuth":[]}],"description":"update appartement.","parameters":[{"in":"path","name":"id","schema":{"type":"string"}}],"requestBody":{"required":true,"content":{"application/json":{"schema":{"$ref":"#/components/schemas/appatements"}}}},"responses":{"200":{"description":"Great response.","content":{"application/json":{"schema":{"$ref":"#/components/schemas/great_response"}}}},"422 | 404":{"description":"En cas d'echec","content":{"application/json":{"schema":{"$ref":"#/components/schemas/error_response"}}}}}},"delete":{"tags":["Appartements"],"security":[{"bearerAuth":[]}],"description":"update appartement.","parameters":[{"in":"path","name":"id","schema":{"type":"string"}}],"responses":{"200":{"description":"Great response.","content":{"application/json":{"schema":{"$ref":"#/components/schemas/great_response"}}}},"422 | 404":{"description":"En cas d'echec","content":{"application/json":{"schema":{"$ref":"#/components/schemas/error_response"}}}}}}},"/api/v1/appartements/images/{id}":{"post":{"tags":["Appartements"],"security":[{"bearerAuth":[]}],"description":"delete Image of appartement.","parameters":[{"in":"path","name":"id","schema":{"type":"string"}}],"requestBody":{"content":{"multipart/form-data":{"schema":{"type":"object","properties":{"profile":{"type":"string","format":"binary"}}}}}},"responses":{"200":{"description":"Great response.","content":{"application/json":{"schema":{"$ref":"#/components/schemas/great_response"}}}},"422 | 404":{"description":"En cas d'echec","content":{"application/json":{"schema":{"$ref":"#/components/schemas/error_response"}}}}}},"delete":{"tags":["Appartements"],"security":[{"bearerAuth":[]}],"description":"delete Image of appartement.","parameters":[{"in":"path","name":"id","schema":{"type":"string"}}],"responses":{"200":{"description":"Great response.","content":{"application/json":{"schema":{"$ref":"#/components/schemas/great_response"}}}},"422 | 404":{"description":"En cas d'echec","content":{"application/json":{"schema":{"$ref":"#/components/schemas/error_response"}}}}}}},"/api/v1/bank-account/{id}":{"post":{"tags":["Bank-account"],"security":[{"bearerAuth":[]}],"description":"create a new bank account for entreprise.","parameters":[{"in":"path","name":"id","schema":{"type":"string"}}],"requestBody":{"required":true,"content":{"application/json":{"schema":{"$ref":"#/components/schemas/bankAccounts"}}}},"responses":{"200":{"description":"Compy","content":{"application/json":{"schema":{"$ref":"#/components/schemas/great_response"}}}},"422 | 404":{"description":"En cas d'echec","content":{"application/json":{"schema":{"$ref":"#/components/schemas/error_response"}}}}}},"put":{"tags":["Bank-account"],"security":[{"bearerAuth":[]}],"description":"update bank account for entreprise.","parameters":[{"in":"path","name":"id","schema":{"type":"string"}}],"requestBody":{"required":true,"content":{"application/json":{"schema":{"$ref":"#/components/schemas/bankAccounts"}}}},"responses":{"200":{"description":"Compy","content":{"application/json":{"schema":{"$ref":"#/components/schemas/great_response"}}}},"422 | 404":{"description":"En cas d'echec","content":{"application/json":{"schema":{"$ref":"#/components/schemas/error_response"}}}}}},"delete":{"tags":["Bank-account"],"security":[{"bearerAuth":[]}],"description":"delete Bank account.","parameters":[{"in":"path","name":"id","schema":{"type":"string"}}],"produces":["application/json"],"responses":{"200":{"description":"Compy","content":{"application/json":{"schema":{"$ref":"#/components/schemas/great_response"}}}},"422 | 404":{"description":"En cas d'echec","content":{"application/json":{"schema":{"$ref":"#/components/schemas/error_response"}}}}}}},"/api/v1/entreprises":{"post":{"tags":["Entreprise"],"security":[{"bearerAuth":[]}],"description":"create a user account.","requestBody":{"required":true,"content":{"application/json":{"schema":{"$ref":"#/components/schemas/entreprise"}}}},"responses":{"200":{"description":"Compy","content":{"application/json":{"schema":{"$ref":"#/components/schemas/great_response"}}}},"422 | 404":{"description":"En cas d'echec","content":{"application/json":{"schema":{"$ref":"#/components/schemas/error_response"}}}}}}},"/api/v1/entreprises/{id}":{"get":{"tags":["Entreprise"],"security":[{"bearerAuth":[]}],"description":"show user account.","parameters":[{"in":"path","name":"id","schema":{"type":"string"}}],"produces":["application/json"],"responses":{"200":{"description":"Compy","content":{"application/json":{"schema":{"$ref":"#/components/schemas/great_response"}}}},"422 | 404":{"description":"En cas d'echec","content":{"application/json":{"schema":{"$ref":"#/components/schemas/error_response"}}}}}},"put":{"tags":["Entreprise"],"security":[{"bearerAuth":[]}],"description":"update entreprise data.","parameters":[{"in":"path","name":"id","schema":{"type":"string"}}],"requestBody":{"required":true,"content":{"application/json":{"schema":{"$ref":"#/components/schemas/updateEtreprise"}}}},"produces":["application/json"],"responses":{"200":{"description":"Compy","content":{"application/json":{"schema":{"$ref":"#/components/schemas/great_response"}}}},"422":{"description":"En cas d'echec","content":{"application/json":{"schema":{"$ref":"#/components/schemas/error_response"}}}}}}},"/api/v1/entreprises/logo/{id}":{"put":{"security":[{"bearerAuth":[]}],"tags":["Entreprise"],"description":"update entreprise's logo.","parameters":[{"in":"path","name":"id","schema":{"type":"string"}}],"requestBody":{"content":{"multipart/form-data":{"schema":{"type":"object","properties":{"profile":{"type":"string","format":"binary"}}}}}},"responses":{"200":{"description":"Compy","content":{"application/json":{"schema":{"$ref":"#/components/schemas/great_response"}}}},"422":{"description":"En cas d'echec","content":{"application/json":{"schema":{"$ref":"#/components/schemas/error_response"}}}}}}},"/api/v1/landlords":{"get":{"tags":["Landlords"],"security":[{"bearerAuth":[]}],"description":"get all landlords.","parameters":[{"in":"query","name":"page","schema":{"type":"number","default":1}},{"in":"query","name":"limit","schema":{"type":"number","default":20}},{"in":"query","name":"landlordType","schema":{"type":"string","enum":["personne physique","entreprise"]}},{"in":"query","name":"maritalStatus","schema":{"type":"string","enum":["married","signle"]}}],"produces":["application/json"],"responses":{"200":{"description":"Great response","content":{"application/json":{"schema":{"$ref":"#/components/schemas/great_response"}}}},"422 | 404":{"description":"En cas d'echec","content":{"application/json":{"schema":{"$ref":"#/components/schemas/error_response"}}}}}},"post":{"tags":["Landlords"],"security":[{"bearerAuth":[]}],"description":"create landlord.","requestBody":{"required":true,"content":{"application/json":{"schema":{"$ref":"#/components/schemas/Landlord"}}}},"responses":{"200":{"description":"Great response.","content":{"application/json":{"schema":{"$ref":"#/components/schemas/great_response"}}}},"422 | 404":{"description":"En cas d'echec","content":{"application/json":{"schema":{"$ref":"#/components/schemas/error_response"}}}}}}},"/api/v1/landlords/{id}":{"put":{"tags":["Landlords"],"security":[{"bearerAuth":[]}],"description":"update landlord.","parameters":[{"in":"path","name":"id","schema":{"type":"string"}}],"requestBody":{"required":true,"content":{"application/json":{"schema":{"$ref":"#/components/schemas/UPersonne"}}}},"responses":{"200":{"description":"Great response.","content":{"application/json":{"schema":{"$ref":"#/components/schemas/great_response"}}}},"422 | 404":{"description":"En cas d'echec","content":{"application/json":{"schema":{"$ref":"#/components/schemas/error_response"}}}}}},"delete":{"tags":["Landlords"],"security":[{"bearerAuth":[]}],"description":"delete landlord.","parameters":[{"in":"path","name":"id","schema":{"type":"string"}}],"responses":{"200":{"description":"Great response.","content":{"application/json":{"schema":{"$ref":"#/components/schemas/great_response"}}}},"422 | 404":{"description":"En cas d'echec","content":{"application/json":{"schema":{"$ref":"#/components/schemas/error_response"}}}}}}},"/api/v1/landlords/phones/{id}":{"post":{"tags":["Landlords"],"security":[{"bearerAuth":[]}],"description":"add phone number for landlord.","parameters":[{"in":"path","name":"id","schema":{"type":"string"}}],"requestBody":{"required":true,"content":{"application/json":{"schema":{"$ref":"#/components/schemas/PPhone"}}}},"responses":{"200":{"description":"Great response.","content":{"application/json":{"schema":{"$ref":"#/components/schemas/great_response"}}}},"422 | 404":{"description":"En cas d'echec","content":{"application/json":{"schema":{"$ref":"#/components/schemas/error_response"}}}}}},"put":{"tags":["Landlords"],"security":[{"bearerAuth":[]}],"description":"update landlord's phone number.","parameters":[{"in":"path","name":"id","schema":{"type":"string"}}],"requestBody":{"required":true,"content":{"application/json":{"schema":{"$ref":"#/components/schemas/PPhone"}}}},"responses":{"200":{"description":"Great response.","content":{"application/json":{"schema":{"$ref":"#/components/schemas/great_response"}}}},"422 | 404":{"description":"En cas d'echec","content":{"application/json":{"schema":{"$ref":"#/components/schemas/error_response"}}}}}},"delete":{"tags":["Landlords"],"security":[{"bearerAuth":[]}],"description":"delete phone.","parameters":[{"in":"path","name":"id","schema":{"type":"string"}}],"responses":{"200":{"description":"Great response.","content":{"application/json":{"schema":{"$ref":"#/components/schemas/great_response"}}}},"422 | 404":{"description":"En cas d'echec","content":{"application/json":{"schema":{"$ref":"#/components/schemas/error_response"}}}}}}},"/api/v1/landlords/phones/running/{id}":{"put":{"tags":["Landlords"],"security":[{"bearerAuth":[]}],"description":"update landlord's phone number.","parameters":[{"in":"path","name":"id","schema":{"type":"string"}}],"requestBody":{"required":true,"content":{"application/json":{"schema":{"$ref":"#/components/schemas/PPhone"}}}},"responses":{"200":{"description":"Great response.","content":{"application/json":{"schema":{"$ref":"#/components/schemas/great_response"}}}},"422 | 404":{"description":"En cas d'echec","content":{"application/json":{"schema":{"$ref":"#/components/schemas/error_response"}}}}}}},"/api/v1/rental-contrats":{"get":{"tags":["Rental Contrat"],"security":[{"bearerAuth":[]}],"description":"get all rental contrat.","parameters":[{"in":"query","name":"page","schema":{"type":"number","default":1}},{"in":"query","name":"limit","schema":{"type":"number","default":20}},{"in":"query","name":"user","schema":{"type":"string"}},{"in":"query","name":"landlord","schema":{"type":"string"}},{"in":"query","name":"appartement","schema":{"type":"string"}},{"in":"query","name":"status","schema":{"type":"boolean"}}],"produces":["application/json"],"responses":{"200":{"description":"Great response","content":{"application/json":{"schema":{"$ref":"#/components/schemas/great_response"}}}},"422 | 404":{"description":"En cas d'echec","content":{"application/json":{"schema":{"$ref":"#/components/schemas/error_response"}}}}}},"post":{"tags":["Rental Contrat"],"security":[{"bearerAuth":[]}],"description":"create rental contrat.","requestBody":{"required":true,"content":{"application/json":{"schema":{"$ref":"#/components/schemas/RentalContrat"}}}},"responses":{"200":{"description":"Great response.","content":{"application/json":{"schema":{"$ref":"#/components/schemas/great_response"}}}},"422 | 404":{"description":"En cas d'echec","content":{"application/json":{"schema":{"$ref":"#/components/schemas/error_response"}}}}}}},"api/v1/rental-contrats/break/{id}":{"post":{"tags":["Rental Contrat"],"security":[{"bearerAuth":[]}],"description":"break rental contrat.","parameters":[{"in":"path","name":"id","schema":{"type":"string"}}],"requestBody":{"required":true,"content":{"application/json":{"schema":{"$ref":"#/components/schemas/BreakRentalContrat"}}}},"responses":{"200":{"description":"Great response.","content":{"application/json":{"schema":{"$ref":"#/components/schemas/great_response"}}}},"422 | 404":{"description":"En cas d'echec","content":{"application/json":{"schema":{"$ref":"#/components/schemas/error_response"}}}}}}},"/api/v1/type/biens":{"get":{"tags":["Type Bien"],"security":[{"bearerAuth":[]}],"description":"get all type bien.","parameters":[{"in":"query","name":"page","schema":{"type":"number","default":1}},{"in":"query","name":"limit","schema":{"type":"number","default":20}}],"produces":["application/json"],"responses":{"200":{"description":"Compy","content":{"application/json":{"schema":{"$ref":"#/components/schemas/great_response"}}}},"422 | 404":{"description":"En cas d'echec","content":{"application/json":{"schema":{"$ref":"#/components/schemas/error_response"}}}}}},"post":{"tags":["Type Bien"],"security":[{"bearerAuth":[]}],"description":"create a new type bien.","requestBody":{"required":true,"content":{"application/json":{"schema":{"$ref":"#/components/schemas/typeBien"}}}},"responses":{"200":{"description":"Compy","content":{"application/json":{"schema":{"$ref":"#/components/schemas/great_response"}}}},"422 | 404":{"description":"En cas d'echec","content":{"application/json":{"schema":{"$ref":"#/components/schemas/error_response"}}}}}}},"/api/v1/type/biens/{id}":{"delete":{"tags":["Type Bien"],"security":[{"bearerAuth":[]}],"description":"delete a type bien.","parameters":[{"in":"path","name":"id","schema":{"type":"string"}}],"responses":{"200":{"description":"Compy","content":{"application/json":{"schema":{"$ref":"#/components/schemas/great_response"}}}},"422 | 404":{"description":"En cas d'echec","content":{"application/json":{"schema":{"$ref":"#/components/schemas/error_response"}}}}}}},"/api/v1/type/appartements":{"get":{"tags":["Type Appart"],"security":[{"bearerAuth":[]}],"description":"get all type appart.","parameters":[{"in":"query","name":"page","schema":{"type":"number","default":1}},{"in":"query","name":"limit","schema":{"type":"number","default":20}}],"produces":["application/json"],"responses":{"200":{"description":"Compy","content":{"application/json":{"schema":{"$ref":"#/components/schemas/great_response"}}}},"422 | 404":{"description":"En cas d'echec","content":{"application/json":{"schema":{"$ref":"#/components/schemas/error_response"}}}}}},"post":{"tags":["Type Appart"],"security":[{"bearerAuth":[]}],"description":"create a new type apprt.","requestBody":{"required":true,"content":{"application/json":{"schema":{"$ref":"#/components/schemas/typeBien"}}}},"responses":{"200":{"description":"Compy","content":{"application/json":{"schema":{"$ref":"#/components/schemas/great_response"}}}},"422 | 404":{"description":"En cas d'echec","content":{"application/json":{"schema":{"$ref":"#/components/schemas/error_response"}}}}}}},"/api/v1/type/appartements/{id}":{"delete":{"tags":["Type Appart"],"security":[{"bearerAuth":[]}],"description":"delete a type appart.","parameters":[{"in":"path","name":"id","schema":{"type":"string"}}],"responses":{"200":{"description":"Compy","content":{"application/json":{"schema":{"$ref":"#/components/schemas/great_response"}}}},"422 | 404":{"description":"En cas d'echec","content":{"application/json":{"schema":{"$ref":"#/components/schemas/error_response"}}}}}}},"/api/v1/upload":{"post":{"tags":["upload File"],"requestBody":{"content":{"multipart/form-data":{"schema":{"type":"object","properties":{"profile":{"type":"string","format":"binary"}}}}}},"responses":{"200":{"description":"Compy","content":{"application/json":{"schema":{"$ref":"#/components/schemas/great_response"}}}},"422":{"description":"En cas d'echec","content":{"application/json":{"schema":{"$ref":"#/components/schemas/error_response"}}}}}}},"/api/v1/users":{"post":{"tags":["Users"],"security":null,"description":"create a user account.","requestBody":{"required":true,"content":{"application/json":{"schema":{"$ref":"#/components/schemas/user"}}}},"responses":{"200":{"description":"Compy","content":{"application/json":{"schema":{"$ref":"#/components/schemas/great_response"}}}},"422 | 404":{"description":"En cas d'echec","content":{"application/json":{"schema":{"$ref":"#/components/schemas/error_response"}}}}}},"get":{"tags":["Users"],"security":[{"bearerAuth":[]}],"description":"show user account.","responses":{"200":{"description":"Compy","content":{"application/json":{"schema":{"$ref":"#/components/schemas/great_response"}}}},"422 | 404":{"description":"En cas d'echec","content":{"application/json":{"schema":{"$ref":"#/components/schemas/error_response"}}}}}},"put":{"tags":["Users"],"security":[{"bearerAuth":[]}],"description":"update a user.","requestBody":{"required":true,"content":{"application/json":{"schema":{"$ref":"#/components/schemas/updateUser"}}}},"produces":["application/json"],"responses":{"200":{"description":"Compy","content":{"application/json":{"schema":{"$ref":"#/components/schemas/great_response"}}}},"422":{"description":"En cas d'echec","content":{"application/json":{"schema":{"$ref":"#/components/schemas/error_response"}}}}}}},"/api/v1/users/signin":{"post":{"tags":["Users"],"description":"User Login.","requestBody":{"content":{"application/json":{"schema":{"$ref":"#/components/schemas/login"}}}},"responses":{"200":{"description":"Compy","content":{"application/json":{"schema":{"$ref":"#/components/schemas/great_response"}}}},"422":{"description":"En cas d'echec","content":{"application/json":{"schema":{"$ref":"#/components/schemas/error_response"}}}}}}},"/api/v1/users/change/profile":{"put":{"security":[{"bearerAuth":[]}],"tags":["Users"],"description":"update user's profile.","requestBody":{"content":{"multipart/form-data":{"schema":{"type":"object","properties":{"profile":{"type":"string","format":"binary"}}}}}},"responses":{"200":{"description":"Compy","content":{"application/json":{"schema":{"$ref":"#/components/schemas/great_response"}}}},"422":{"description":"En cas d'echec","content":{"application/json":{"schema":{"$ref":"#/components/schemas/error_response"}}}}}}},"/api/v1/users/change/psswd":{"put":{"security":[{"bearerAuth":[]}],"tags":["Users"],"description":"update user's psswd.","requestBody":{"required":true,"content":{"application/json":{"schema":{"$ref":"#/components/schemas/changePsswd"}}}},"responses":{"200":{"description":"Compy","content":{"application/json":{"schema":{"$ref":"#/components/schemas/great_response"}}}},"422":{"description":"En cas d'echec","content":{"application/json":{"schema":{"$ref":"#/components/schemas/error_response"}}}}}}},"/api/v1/users/logout":{"post":{"security":[{"bearerAuth":[]}],"tags":["Users"],"description":"user logOut.","responses":{"200":{"description":"Compy","content":{"application/json":{"schema":{"$ref":"#/components/schemas/great_response"}}}},"422":{"description":"En cas d'echec","content":{"application/json":{"schema":{"$ref":"#/components/schemas/error_response"}}}}}}}},"tags":[]}